,id,vol
9646,Gold,0.008554535256452344
9646,Silver,0.017050648192051193
9640,Oil,0.027229860405546057
57,btc,0.043187253773249806
51,eth,0.054253821153331834
9644,Natural Gas,0.05482882634488237
