,id,vol
9646,S&P 500,0.010218498084422812
9646,Nasdaq 100,0.014278901029778626
57,btc,0.043187253773249806
51,eth,0.054253821153331834
